City_ID,City,Country,Date,Lat,Lng,Max Temp,Humidity,Cloudiness,Wind Speed
0,Kaitangata,NZ,2021-10-01 01:35:42,-46.2817,169.8464,58.93,50,83,11.07
1,Port Elizabeth,ZA,2021-10-01 01:35:42,-33.918,25.5701,62.89,100,90,4.61
2,Saint-Augustin,CA,2021-10-01 01:35:43,51.226,-58.6502,46.94,92,100,24.99
3,Port Alfred,ZA,2021-10-01 01:31:08,-33.5906,26.891,60.62,91,2,10.87
4,Lahaina,US,2021-10-01 01:35:43,20.8783,-156.6825,84.2,88,18,9.91
5,Punta Arenas,CL,2021-10-01 01:35:44,-53.15,-70.9167,41.11,65,75,16.11
6,Vila Franca Do Campo,PT,2021-10-01 01:35:44,37.7167,-25.4333,70.2,90,28,2.75
7,Nemuro,JP,2021-10-01 01:35:44,43.3236,145.575,66.63,90,100,9.89
8,Clyde River,CA,2021-10-01 01:35:45,70.4692,-68.5914,33.71,73,100,8.9
9,Atuona,PF,2021-10-01 01:35:45,-9.8,-139.0333,78.13,73,3,17.29
10,Mataura,NZ,2021-10-01 01:35:46,-46.1927,168.8643,53.47,70,100,7.87
11,Kibre Mengist,ET,2021-10-01 01:35:46,5.8833,38.9833,59.95,96,100,1.05
12,Antigonish,CA,2021-10-01 01:32:50,45.6169,-61.9986,57.81,96,29,5.32
13,Arraial Do Cabo,BR,2021-10-01 01:34:08,-22.9661,-42.0278,69.4,87,99,8.19
14,Rincon,US,2021-10-01 01:34:32,32.296,-81.2354,76.12,87,40,3.44
15,Boguchany,RU,2021-10-01 01:35:47,58.3814,97.4531,40.3,73,100,4.32
16,Vaini,TO,2021-10-01 01:35:47,-21.2,-175.2,75.36,88,75,9.22
17,Thompson,CA,2021-10-01 01:33:46,55.7435,-97.8558,48.36,71,20,3.44
18,Mocuba,MZ,2021-10-01 01:35:48,-16.8392,36.9856,68.65,98,26,2.68
19,Isangel,VU,2021-10-01 01:33:21,-19.55,169.2667,78.91,69,100,19.57
20,Tuktoyaktuk,CA,2021-10-01 01:31:16,69.4541,-133.0374,32.0,69,20,2.3
21,Jamestown,US,2021-10-01 01:33:49,42.097,-79.2353,48.29,92,1,1.01
22,Puerto Leguizamo,CO,2021-10-01 01:35:48,-0.1934,-74.7819,72.95,94,95,2.08
23,Tiksi,RU,2021-10-01 01:35:49,71.6872,128.8694,31.75,65,100,3.91
24,Laguna,US,2021-10-01 01:35:49,38.421,-121.4238,86.23,21,1,0.0
25,Varhaug,NO,2021-10-01 01:35:49,58.6147,5.6457,52.9,86,100,27.54
26,Calahorra,ES,2021-10-01 01:33:31,42.3051,-1.9652,59.88,69,57,1.9
27,Albany,US,2021-10-01 01:30:50,42.6001,-73.9662,50.65,93,100,4.63
28,Hobart,AU,2021-10-01 01:35:28,-42.8794,147.3294,61.27,96,90,1.99
29,Shimoda,JP,2021-10-01 01:35:50,34.6667,138.95,68.36,92,100,35.88
30,Bluff,NZ,2021-10-01 01:35:50,-46.6,168.3333,53.8,77,51,23.4
31,Port Lincoln,AU,2021-10-01 01:35:51,-34.7333,135.8667,59.61,64,27,10.25
32,Sioux Lookout,CA,2021-10-01 01:35:51,50.1001,-91.917,70.18,94,40,0.0
33,Sitka,US,2021-10-01 01:35:51,57.0531,-135.33,51.69,66,90,19.57
34,Tailai,CN,2021-10-01 01:35:52,46.3833,123.4,51.37,42,0,10.11
35,Tasiilaq,GL,2021-10-01 01:35:52,65.6145,-37.6368,35.76,84,7,5.95
36,Camacha,PT,2021-10-01 01:35:52,33.0833,-16.3333,68.76,73,40,12.66
37,Mount Gambier,AU,2021-10-01 01:31:33,-37.8333,140.7667,55.31,94,90,21.85
38,Georgetown,MY,2021-10-01 01:35:53,5.4112,100.3354,84.13,83,20,5.01
39,Butaritari,KI,2021-10-01 01:35:53,3.0707,172.7902,81.93,75,22,11.3
40,Bouloupari,NC,2021-10-01 01:35:54,-21.8667,166.05,84.11,58,57,5.14
41,Abnub,EG,2021-10-01 01:35:54,27.2696,31.1511,71.82,60,0,13.27
42,Avarua,CK,2021-10-01 01:31:27,-21.2078,-159.775,80.65,69,20,12.66
43,Matagami,CA,2021-10-01 01:35:55,49.7502,-77.6328,46.51,93,75,2.3
44,Hilo,US,2021-10-01 01:35:55,19.7297,-155.09,81.28,92,90,3.44
45,Tahe,CN,2021-10-01 01:35:55,52.3333,124.7333,38.26,55,90,8.86
46,Mar Del Plata,AR,2021-10-01 01:35:56,-38.0023,-57.5575,55.87,63,0,3.0
47,Golden,US,2021-10-01 01:35:56,39.7555,-105.2211,57.97,73,75,0.0
48,Ushuaia,AR,2021-10-01 01:35:25,-54.8,-68.3,42.46,56,20,18.41
49,Chokurdakh,RU,2021-10-01 01:35:57,70.6333,147.9167,19.04,87,23,9.31
50,Vanino,RU,2021-10-01 01:35:57,49.0869,140.2543,58.96,42,49,4.92
51,Ushibuka,JP,2021-10-01 01:35:57,32.1906,130.0228,78.51,76,3,10.45
52,Iqaluit,CA,2021-10-01 01:35:58,63.7506,-68.5145,26.33,100,1,2.3
53,Barrow,US,2021-10-01 01:35:58,71.2906,-156.7887,30.22,74,90,10.36
54,Dicabisagan,PH,2021-10-01 01:35:58,17.0818,122.4157,86.94,66,99,1.9
55,Lompoc,US,2021-10-01 01:32:25,34.6391,-120.4579,81.21,57,1,8.05
56,Talnakh,RU,2021-10-01 01:35:59,69.4865,88.3972,29.71,97,100,3.04
57,Airai,TL,2021-10-01 01:33:12,-8.9266,125.4092,82.22,24,28,3.76
58,Hermanus,ZA,2021-10-01 01:35:59,-34.4187,19.2345,55.9,89,98,10.98
59,Bambanglipuro,ID,2021-10-01 01:36:00,-7.95,110.2833,80.65,72,98,7.38
60,Pakokku,MM,2021-10-01 01:36:00,21.3333,95.1,85.59,71,39,1.12
61,Ribeira Grande,PT,2021-10-01 01:36:01,38.5167,-28.7,71.38,84,13,1.99
62,Husavik,IS,2021-10-01 01:34:56,66.0449,-17.3389,40.91,83,100,20.87
63,Nanortalik,GL,2021-10-01 01:36:01,60.1432,-45.2371,37.44,68,0,3.47
64,Vestmanna,FO,2021-10-01 01:36:02,62.1564,-7.1664,47.32,93,75,10.36
65,Huarmey,PE,2021-10-01 01:36:02,-10.0681,-78.1522,65.03,84,74,8.75
66,Sao Filipe,CV,2021-10-01 01:31:52,14.8961,-24.4956,79.32,77,68,3.2
67,Vardo,NO,2021-10-01 01:36:02,70.3705,31.1107,47.52,69,93,15.46
68,Busselton,AU,2021-10-01 01:36:03,-33.65,115.3333,61.05,81,100,15.5
69,West Bay,KY,2021-10-01 01:36:04,19.3667,-81.4167,84.27,77,20,1.01
70,Qaanaaq,GL,2021-10-01 01:36:04,77.484,-69.3632,28.24,95,100,15.32
71,Leh,IN,2021-10-01 01:36:04,34.1667,77.5833,55.02,50,0,4.03
72,Kamaishi,JP,2021-10-01 01:36:05,39.2667,141.8833,67.15,88,100,11.45
73,East London,ZA,2021-10-01 01:36:05,-33.0153,27.9116,61.84,90,1,9.24
74,Yellowknife,CA,2021-10-01 01:35:44,62.456,-114.3525,48.42,100,75,8.05
75,Noumea,NC,2021-10-01 01:36:06,-22.2763,166.4572,82.0,99,24,16.4
76,Visby,SE,2021-10-01 01:36:06,57.6409,18.296,54.86,93,20,11.5
77,Pouso Alegre,BR,2021-10-01 01:36:06,-22.23,-45.9364,63.01,86,0,1.88
78,Hithadhoo,MV,2021-10-01 01:36:07,-0.6,73.0833,81.48,74,100,3.29
79,Launceston,AU,2021-10-01 01:36:07,-41.45,147.1667,70.61,71,40,5.01
80,Tura,IN,2021-10-01 01:32:34,25.5198,90.2201,78.66,74,83,1.14
81,Mahebourg,MU,2021-10-01 01:36:08,-20.4081,57.7,71.89,78,75,12.66
82,New Norfolk,AU,2021-10-01 01:36:08,-42.7826,147.0587,60.91,65,100,1.99
83,Lata,PT,2021-10-01 01:36:08,40.1629,-8.3327,59.81,83,100,2.17
84,Imbituba,BR,2021-10-01 01:36:09,-28.24,-48.6703,66.09,91,100,12.64
85,Tuatapere,NZ,2021-10-01 01:36:09,-46.1333,167.6833,53.82,63,84,11.52
86,Dikson,RU,2021-10-01 01:31:33,73.5069,80.5464,32.63,80,100,22.19
87,Port Blair,IN,2021-10-01 01:32:14,11.6667,92.75,83.34,77,36,10.13
88,West Wendover,US,2021-10-01 01:36:10,40.7391,-114.0733,63.61,16,1,3.44
89,Takaka,NZ,2021-10-01 01:34:09,-40.85,172.8,58.28,64,5,5.59
90,Padang,ID,2021-10-01 01:36:10,-0.9492,100.3543,75.25,78,100,2.48
91,Saint-Philippe,RE,2021-10-01 01:36:11,-21.3585,55.7679,71.15,80,51,11.12
92,Gull Lake,CA,2021-10-01 01:35:52,50.1001,-108.4847,61.16,24,4,10.4
93,Bethel,US,2021-10-01 01:31:58,41.3712,-73.414,57.65,84,1,3.44
94,Sirjan,IR,2021-10-01 01:36:11,29.452,55.6814,68.04,24,24,4.7
95,Lebu,CL,2021-10-01 01:36:12,-37.6167,-73.65,49.86,86,100,6.2
96,Cherskiy,RU,2021-10-01 01:36:12,68.75,161.3,22.57,87,15,7.29
97,Rikitea,PF,2021-10-01 01:36:12,-23.1203,-134.9692,73.56,71,5,17.36
98,Gusau,NG,2021-10-01 01:36:13,12.1628,6.6614,75.85,74,30,5.37
99,Chuy,UY,2021-10-01 01:36:13,-33.6971,-53.4616,59.68,94,100,13.76
100,Beringovskiy,RU,2021-10-01 01:36:13,63.05,179.3167,30.16,77,96,16.96
101,Aksu,CN,2021-10-01 01:32:48,41.1231,80.2644,68.0,21,2,4.05
102,Puerto Ayora,EC,2021-10-01 01:36:14,-0.7393,-90.3518,70.0,92,45,6.6
103,Stirling,GB,2021-10-01 01:33:46,56.119,-3.9368,54.99,97,100,4.18
104,Udachnyy,RU,2021-10-01 01:36:14,66.4167,112.4,37.51,46,28,2.82
105,Calamar,CO,2021-10-01 01:36:15,10.2511,-74.9146,84.15,91,42,5.44
106,Cayeli,TR,2021-10-01 01:36:15,41.0923,40.7292,59.56,94,100,7.43
107,Zheleznodorozhnyy,RU,2021-10-01 01:36:16,55.7503,38.0042,42.37,84,10,1.74
108,Muncar,ID,2021-10-01 01:36:16,-8.4333,114.3333,81.16,72,95,5.39
109,Upernavik,GL,2021-10-01 01:31:53,72.7868,-56.1549,32.52,72,100,15.73
110,Yeppoon,AU,2021-10-01 01:36:17,-23.1333,150.7333,67.78,72,86,6.15
111,Lagoa,PT,2021-10-01 01:36:17,39.05,-27.9833,70.03,86,20,3.83
112,Juneau,US,2021-10-01 01:35:04,58.3019,-134.4197,50.05,96,90,5.01
113,Sharjah,AE,2021-10-01 01:32:16,25.3573,55.4033,86.02,81,0,4.61
114,Leningradskiy,RU,2021-10-01 01:36:18,69.3833,178.4167,26.49,93,100,13.11
115,Touros,BR,2021-10-01 01:36:18,-5.1989,-35.4608,77.9,81,21,14.81
116,Plymouth,US,2021-10-01 01:36:19,41.8334,-70.8328,57.04,76,90,5.75
117,Cabo San Lucas,MX,2021-10-01 01:36:19,22.8909,-109.9124,85.3,65,1,6.91
118,Karpogory,RU,2021-10-01 01:36:20,64.0019,44.4451,43.3,91,100,3.94
119,Kapaa,US,2021-10-01 01:36:20,22.0752,-159.319,84.18,67,20,3.0
120,Buriti Bravo,BR,2021-10-01 01:36:20,-5.8372,-43.8336,75.69,74,19,3.06
121,Saskylakh,RU,2021-10-01 01:36:21,71.9167,114.0833,22.19,91,99,2.66
122,Khatanga,RU,2021-10-01 01:33:44,71.9667,102.5,29.43,96,98,6.38
123,Carnarvon,AU,2021-10-01 01:36:21,-24.8667,113.6333,75.27,73,90,14.97
124,Vacaria,BR,2021-10-01 01:36:22,-28.5122,-50.9339,56.71,97,100,13.44
125,Norman Wells,CA,2021-10-01 01:36:22,65.282,-126.8329,41.04,70,75,6.91
126,Faanui,PF,2021-10-01 01:36:22,-16.4833,-151.75,79.12,73,2,17.31
127,Elbistan,TR,2021-10-01 01:36:23,38.2059,37.1983,52.48,61,5,2.93
128,Okha,RU,2021-10-01 01:35:20,53.5739,142.9478,55.38,69,84,9.26
129,Maykor,RU,2021-10-01 01:36:23,59.0059,55.88,42.93,94,100,4.7
130,Ahipara,NZ,2021-10-01 01:36:23,-35.1667,173.1667,60.66,53,0,6.58
131,Mangrol,IN,2021-10-01 01:34:02,21.1167,70.1167,80.78,87,97,13.4
132,Bukama,CD,2021-10-01 01:36:24,-9.2,25.85,71.01,81,77,3.62
133,Havre,FR,2021-10-01 01:36:24,49.5833,0.3333,56.97,77,90,14.97
134,Coolum Beach,AU,2021-10-01 01:36:25,-26.5333,153.1,70.11,80,100,11.95
135,Hasaki,JP,2021-10-01 01:36:25,35.7333,140.8333,66.6,96,100,34.23
136,Ilulissat,GL,2021-10-01 01:36:25,69.2167,-51.1,30.22,59,75,3.44
137,Port Hardy,CA,2021-10-01 01:36:26,50.6996,-127.4199,55.58,82,75,6.91
138,Kotido,UG,2021-10-01 01:36:26,2.9806,34.1331,71.65,65,82,7.9
139,Saldanha,ZA,2021-10-01 01:36:26,-33.0117,17.9442,53.65,90,0,11.5
140,Ixtapa,MX,2021-10-01 01:36:27,20.7,-105.2,83.43,74,90,4.61
141,Liverpool,GB,2021-10-01 01:36:27,53.4106,-2.9779,58.17,88,100,1.99
142,Kharan,PK,2021-10-01 01:36:27,28.5833,65.4167,82.62,44,29,2.33
143,Cidreira,BR,2021-10-01 01:33:51,-30.1811,-50.2056,63.59,94,100,20.65
144,Corpus Christi,US,2021-10-01 01:36:28,27.8006,-97.3964,82.4,84,75,11.01
145,Kargasok,RU,2021-10-01 01:35:43,59.0556,80.8572,35.55,85,100,6.26
146,Yovon,TJ,2021-10-01 01:36:28,38.3141,69.0378,63.81,33,0,3.04
147,Half Moon Bay,US,2021-10-01 01:34:52,37.4636,-122.4286,87.62,60,1,4.61
148,Vestmannaeyjar,IS,2021-10-01 01:36:29,63.4427,-20.2734,44.04,73,100,26.6
149,Adrar,MR,2021-10-01 01:36:29,20.5022,-10.0711,91.17,14,67,8.03
150,Plettenberg Bay,ZA,2021-10-01 01:36:30,-34.0527,23.3716,59.7,85,100,1.66
151,Vaasa,FI,2021-10-01 01:36:30,63.096,21.6158,46.42,81,90,8.05
152,Caravelas,BR,2021-10-01 01:36:30,-17.7125,-39.2481,72.48,90,0,3.78
153,Cape Town,ZA,2021-10-01 01:36:31,-33.9258,18.4232,59.41,74,0,13.8
154,Powell River,CA,2021-10-01 01:33:46,49.8496,-124.5361,61.07,88,20,8.05
155,Manta,EC,2021-10-01 01:33:16,-0.95,-80.7333,73.18,78,0,5.75
156,Nhulunbuy,AU,2021-10-01 01:36:31,-12.2333,136.7667,86.61,58,20,10.36
157,North Bend,US,2021-10-01 01:36:32,43.4065,-124.2243,65.25,92,90,11.5
158,Aklavik,CA,2021-10-01 01:34:27,68.2191,-135.0107,31.03,96,82,4.21
159,Castro,BR,2021-10-01 01:36:32,-24.7911,-50.0119,56.86,96,0,5.61
160,Vao,NC,2021-10-01 01:36:33,-22.6667,167.4833,70.83,86,9,22.1
161,Gorom-Gorom,BF,2021-10-01 01:36:33,14.4439,-0.2361,81.54,57,96,4.27
162,Torbay,CA,2021-10-01 01:35:32,47.6666,-52.7314,60.76,99,90,0.0
163,Azare,NG,2021-10-01 01:36:34,11.6765,10.1948,76.87,71,14,6.89
164,Bredasdorp,ZA,2021-10-01 01:36:34,-34.5322,20.0403,58.32,94,100,11.5
165,Satipo,PE,2021-10-01 01:36:34,-11.2522,-74.6386,70.52,81,18,3.04
166,Ames,US,2021-10-01 01:36:35,42.0347,-93.6199,76.05,85,90,4.0
167,Klaksvik,FO,2021-10-01 01:36:35,62.2266,-6.589,49.12,78,19,17.96
168,Riyadh,SA,2021-10-01 01:33:49,24.6877,46.7219,73.54,13,4,4.99
169,Ancud,CL,2021-10-01 01:36:36,-41.8697,-73.8203,42.33,65,100,6.55
170,Ballaghaderreen,IE,2021-10-01 01:36:36,53.9,-8.5833,48.81,89,91,20.74
171,Saint-Francois,FR,2021-10-01 01:36:37,46.4154,3.9054,40.68,100,0,2.3
172,Ponta Do Sol,PT,2021-10-01 01:32:56,32.6667,-17.1,72.23,65,10,7.74
173,Olinda,BR,2021-10-01 01:34:38,-8.0089,-34.8553,78.53,83,75,9.22
174,Northam,GB,2021-10-01 01:32:20,51.0333,-4.2167,60.42,95,100,21.83
175,Shalya,RU,2021-10-01 01:36:37,57.2471,58.7298,38.59,99,100,4.34
176,Dakar,SN,2021-10-01 01:32:09,14.6937,-17.4441,79.68,81,10,9.86
177,Batagay,RU,2021-10-01 01:36:38,67.6333,134.6333,32.36,34,18,0.6
178,Gigmoto,PH,2021-10-01 01:36:38,13.7796,124.39,87.39,65,100,1.07
179,Arkhipo-Osipovka,RU,2021-10-01 01:36:38,44.37,38.52,49.57,74,97,23.4
180,Kruisfontein,ZA,2021-10-01 01:36:39,-34.0033,24.7314,58.89,96,91,4.27
181,Vasterhaninge,SE,2021-10-01 01:36:39,59.1167,18.1,54.63,84,88,18.99
182,Kalmunai,LK,2021-10-01 01:36:40,7.4167,81.8167,79.14,82,100,2.82
183,Rawson,AR,2021-10-01 01:36:40,-43.3002,-65.1023,50.77,59,4,12.97
184,Auki,SB,2021-10-01 01:36:40,-8.7676,160.7034,87.73,59,100,2.37
185,Gat,IL,2021-10-01 01:33:04,31.61,34.7642,72.28,84,0,2.19
186,Biu,NG,2021-10-01 01:36:41,10.6129,12.1946,71.58,77,100,3.62
187,Faya,SA,2021-10-01 01:36:41,18.3851,42.4509,60.91,35,39,0.65
188,Port Angeles,US,2021-10-01 01:36:41,48.1181,-123.4307,58.06,94,40,0.0
189,Vostok,RU,2021-10-01 01:36:42,46.4856,135.8833,51.73,56,100,5.46
190,Petauke,ZM,2021-10-01 01:36:42,-14.2426,31.3253,69.69,56,4,11.07
191,Jardim,BR,2021-10-01 01:36:42,-21.4803,-56.1381,86.52,37,99,6.42
192,Orlik,RU,2021-10-01 01:36:43,52.5178,99.825,39.63,64,46,4.05
193,Mount Darwin,ZW,2021-10-01 01:36:43,-16.7725,31.5838,59.67,90,0,3.31
194,Souillac,MU,2021-10-01 01:36:44,-20.5167,57.5167,71.98,78,75,12.66
195,Los Llanos De Aridane,ES,2021-10-01 01:36:44,28.6585,-17.9182,73.13,67,90,16.11
196,Sur,OM,2021-10-01 01:36:44,22.5667,59.5289,87.15,61,100,2.57
197,Fremont,US,2021-10-01 01:35:50,37.5483,-121.9886,87.67,39,1,1.99
198,Mier,MX,2021-10-01 01:36:45,26.4333,-99.15,92.08,58,62,22.35
199,Vagur,FO,2021-10-01 01:36:45,61.4732,-6.8119,49.17,74,0,18.48
200,Los Angeles,US,2021-10-01 01:35:51,34.0522,-118.2437,90.77,45,1,5.75
201,Sibolga,ID,2021-10-01 01:36:46,1.7427,98.7792,78.94,78,100,1.01
202,Marawi,PH,2021-10-01 01:36:46,7.9986,124.2928,74.64,63,49,2.93
203,Tezu,IN,2021-10-01 01:36:47,27.9167,96.1667,79.72,79,64,1.5
204,Sakakah,SA,2021-10-01 01:36:47,29.9697,40.2064,78.37,30,0,9.84
205,Katsuura,JP,2021-10-01 01:36:48,35.1333,140.3,69.12,96,100,37.8
206,Buala,SB,2021-10-01 01:36:48,-8.145,159.5921,85.1,66,100,5.91
207,Yichang,CN,2021-10-01 01:36:48,30.7144,111.2847,81.93,60,0,1.79
208,La Macarena,CO,2021-10-01 01:36:49,2.1837,-73.7849,71.19,97,66,1.25
209,Ganta,LR,2021-10-01 01:36:49,7.3022,-8.5308,69.03,100,100,0.89
210,Kavieng,PG,2021-10-01 01:36:49,-2.5744,150.7967,83.79,76,84,15.28
211,Fomboni,KM,2021-10-01 01:36:50,-12.28,43.7425,76.73,79,71,10.22
212,Oparino,RU,2021-10-01 01:36:50,59.8518,48.2783,42.04,97,100,4.43
213,Longyearbyen,SJ,2021-10-01 01:36:50,78.2186,15.6401,35.44,80,40,3.44
214,Korla,CN,2021-10-01 01:36:51,41.7597,86.1469,70.0,20,18,3.31
215,Lukovetskiy,RU,2021-10-01 01:36:51,64.2956,41.9211,46.38,94,91,2.82
216,Bambous Virieux,MU,2021-10-01 01:33:01,-20.3428,57.7575,71.85,78,75,12.66
217,Daltenganj,IN,2021-10-01 01:36:51,24.0333,84.0667,73.92,97,100,5.99
218,Bosaso,SO,2021-10-01 01:36:52,11.2842,49.1816,87.39,57,96,2.42
219,Balkhash,KZ,2021-10-01 01:36:52,46.844,74.9804,36.21,80,20,6.71
220,Saint George,US,2021-10-01 01:32:55,37.1041,-113.5841,77.25,16,1,1.01
221,Tiarei,PF,2021-10-01 01:36:53,-17.5333,-149.3333,86.02,76,5,17.29
222,Hirara,JP,2021-10-01 01:36:53,24.8,125.2833,86.27,74,40,10.36
223,Hofn,IS,2021-10-01 01:36:53,64.2539,-15.2082,43.97,86,100,24.32
224,Parfenyevo,RU,2021-10-01 01:36:54,58.484,43.4088,41.32,98,97,5.28
225,Lufilufi,WS,2021-10-01 01:36:54,-13.8745,-171.5986,92.98,77,97,23.4
226,Goderich,CA,2021-10-01 01:36:01,43.7501,-81.7165,51.91,87,6,3.44
227,Preobrazheniye,RU,2021-10-01 01:36:54,42.9019,133.9064,58.77,88,100,4.56
228,Lorengau,PG,2021-10-01 01:36:55,-2.0226,147.2712,77.56,89,100,5.73
229,Okhotsk,RU,2021-10-01 01:36:55,59.3833,143.3,34.75,95,100,14.85
230,Tadine,NC,2021-10-01 01:36:55,-21.55,167.8833,74.26,78,93,15.9
231,Ferkessedougou,CI,2021-10-01 01:36:56,9.6,-5.2,72.77,93,74,2.55
232,Narsaq,GL,2021-10-01 01:36:56,60.9167,-46.05,34.02,47,0,4.85
233,Veshkayma,RU,2021-10-01 01:36:56,54.05,47.1333,42.73,83,100,6.33
234,Mogadishu,SO,2021-10-01 01:36:57,2.0371,45.3438,77.99,87,100,13.11
235,Anadyr,RU,2021-10-01 01:36:57,64.75,177.4833,30.7,68,0,8.01
236,Dingle,PH,2021-10-01 01:36:57,10.9995,122.6711,85.19,73,88,3.94
237,Birecik,TR,2021-10-01 01:36:58,37.0294,37.9903,63.61,41,0,5.08
238,Karratha,AU,2021-10-01 01:36:58,-20.7377,116.8463,85.62,32,1,11.36
239,Paamiut,GL,2021-10-01 01:36:59,61.994,-49.6678,36.82,60,7,9.57
240,Samarai,PG,2021-10-01 01:36:59,-10.6167,150.6667,82.09,77,56,8.72
241,Aykhal,RU,2021-10-01 01:36:59,66.0,111.5,35.6,42,31,4.81
242,Lasem,ID,2021-10-01 01:37:00,-6.6922,111.4527,86.18,59,100,8.37
243,Ust-Kulom,RU,2021-10-01 01:37:00,61.6864,53.6902,37.2,89,100,3.58
244,Christchurch,NZ,2021-10-01 01:35:56,-43.5333,172.6333,60.48,53,0,8.01
245,Yuzawa,JP,2021-10-01 01:37:01,39.1667,140.5,66.02,85,100,7.31
246,Ostrovnoy,RU,2021-10-01 01:37:01,68.0531,39.5131,41.86,87,100,4.92
247,Araouane,ML,2021-10-01 01:37:01,18.9048,-3.5265,86.25,43,51,5.55
248,Port Macquarie,AU,2021-10-01 01:37:02,-31.4333,152.9167,73.36,55,38,9.19
249,Rabo De Peixe,PT,2021-10-01 01:37:02,37.8,-25.5833,70.29,91,20,3.44
250,Hami,CN,2021-10-01 01:37:02,42.8,93.45,70.93,22,12,6.29
251,Broome,US,2021-10-01 01:37:03,42.2506,-75.833,51.66,74,20,6.91
252,Hamilton,US,2021-10-01 01:33:32,39.1834,-84.5333,67.98,79,1,0.0
253,Nikolskoye,RU,2021-10-01 01:37:25,59.7035,30.7861,42.69,96,47,4.81
254,Dalvik,IS,2021-10-01 01:37:25,65.9702,-18.5286,40.93,84,100,18.72
255,Svetlyy,RU,2021-10-01 01:37:25,54.675,20.1347,46.45,77,43,7.63
256,Kedrovyy,RU,2021-10-01 01:37:26,56.1667,91.8167,37.81,99,100,3.87
257,Itarema,BR,2021-10-01 01:37:26,-2.9248,-39.9167,78.64,84,31,11.36
258,Coihaique,CL,2021-10-01 01:37:26,-45.5752,-72.0662,40.95,65,81,4.61
259,Fairbanks,US,2021-10-01 01:35:51,64.8378,-147.7164,39.16,65,90,3.44
260,Terrace,CA,2021-10-01 01:37:27,54.5163,-128.6035,51.71,87,75,16.11
261,Nsanje,MW,2021-10-01 01:37:27,-16.92,35.262,71.13,87,4,4.36
262,Shahpura,IN,2021-10-01 01:37:28,27.3833,75.9667,76.33,74,78,3.22
263,Ajuchitlan,MX,2021-10-01 01:37:28,20.7167,-100.0167,65.59,88,100,6.55
264,Provideniya,RU,2021-10-01 01:37:28,64.3833,-173.3,35.71,55,90,15.66
265,Port Hedland,AU,2021-10-01 01:37:29,-20.3167,118.5667,82.45,65,3,11.5
266,Kavaratti,IN,2021-10-01 01:37:29,10.5669,72.642,81.61,79,99,11.81
267,Namatanai,PG,2021-10-01 01:37:29,-3.6667,152.4333,84.02,69,99,7.52
268,Kalaiya,NP,2021-10-01 01:37:30,27.0327,85.0022,78.15,83,100,7.36
269,Namibe,AO,2021-10-01 01:37:30,-15.1961,12.1522,59.65,85,17,3.71
270,Bull Savanna,JM,2021-10-01 01:37:30,17.8868,-77.5902,78.06,77,1,1.32
271,Merauke,ID,2021-10-01 01:37:31,-8.4667,140.3333,82.11,78,73,13.0
272,Talara,PE,2021-10-01 01:37:31,-4.5772,-81.2719,64.8,86,48,13.8
273,Fasa,IR,2021-10-01 01:37:32,28.9383,53.6482,61.84,31,0,0.0
274,Deputatskiy,RU,2021-10-01 01:37:32,69.3,139.9,18.68,63,86,3.69
275,Kugulta,RU,2021-10-01 01:37:32,45.3636,42.3889,41.58,53,31,15.64
276,Smithers,CA,2021-10-01 01:37:33,54.7804,-127.1743,50.32,81,75,3.44
277,Hargeysa,SO,2021-10-01 01:37:33,9.56,44.065,71.98,63,100,17.43
278,Sokoto,NG,2021-10-01 01:37:33,13.0609,5.239,79.47,66,9,4.99
279,Murgab,TM,2021-10-01 01:37:34,37.4966,61.9714,53.47,58,0,6.91
280,Arenapolis,BR,2021-10-01 01:37:34,-14.4503,-56.8461,84.92,47,53,5.21
281,Codrington,AU,2021-10-01 01:37:34,-38.2667,141.9667,58.03,96,80,19.08
282,Duldurga,RU,2021-10-01 01:37:35,50.6761,113.5931,39.47,50,11,7.0
283,Barra,BR,2021-10-01 01:34:18,-11.0894,-43.1417,79.99,48,50,5.32
284,Presidencia Roque Saenz Pena,AR,2021-10-01 01:37:35,-26.7852,-60.4388,80.76,62,47,13.33
285,Snezhnogorsk,RU,2021-10-01 01:37:36,69.1933,33.2531,40.78,81,62,7.81
286,Alice Springs,AU,2021-10-01 01:37:36,-23.7,133.8833,76.55,16,0,9.22
287,Inuvik,CA,2021-10-01 01:37:36,68.3499,-133.7218,31.06,69,20,6.91
288,Yerbogachen,RU,2021-10-01 01:37:37,61.2767,108.0108,37.2,66,20,5.73
289,Vallenar,CL,2021-10-01 01:37:37,-28.5708,-70.7581,63.63,34,0,1.03
290,Pisco,PE,2021-10-01 01:37:37,-13.7,-76.2167,62.65,82,0,18.41
291,Bobcaygeon,CA,2021-10-01 01:37:38,44.5462,-78.542,53.24,82,29,3.11
292,Bathsheba,BB,2021-10-01 01:37:38,13.2167,-59.5167,84.81,74,75,17.27
293,Kidal,ML,2021-10-01 01:37:38,18.4411,1.4078,82.54,11,67,8.61
294,Hassleholm,SE,2021-10-01 01:37:39,56.1591,13.7664,52.25,88,100,9.95
295,Iskateley,RU,2021-10-01 01:37:39,67.6803,53.1512,32.58,84,88,1.28
296,Esperance,AU,2021-10-01 01:37:39,-33.8667,121.9,64.24,51,100,10.09
297,Lopukhiv,UA,2021-10-01 01:37:40,48.3653,23.9638,48.15,93,100,1.97
298,Moose Factory,CA,2021-10-01 01:37:40,51.2585,-80.6094,48.18,87,90,5.75
299,Angoche,MZ,2021-10-01 01:37:41,-16.2325,39.9086,72.46,88,18,3.27
300,Maceio,BR,2021-10-01 01:37:02,-9.6658,-35.7353,76.44,100,75,3.44
301,Paka,MY,2021-10-01 01:37:41,4.6374,103.4368,80.53,78,20,3.44
302,Verkhnyaya Toyma,RU,2021-10-01 01:37:41,62.2349,44.9985,41.09,97,100,3.74
303,Tabat,ID,2021-10-01 01:37:42,-2.635,115.2274,84.74,74,84,2.26
304,Alexandria,EG,2021-10-01 01:34:18,31.2156,29.9553,75.16,64,40,11.5
305,Sambava,MG,2021-10-01 01:37:42,-14.2667,50.1667,67.01,87,7,8.79
306,Mokhsogollokh,RU,2021-10-01 01:37:43,61.4681,128.9203,34.86,99,100,4.05
307,Kirya,TZ,2021-10-01 01:37:43,-3.9167,37.4833,68.14,83,95,9.17
308,Panguipulli,CL,2021-10-01 01:37:43,-39.6333,-72.3333,44.31,100,100,1.97
309,Washougal,US,2021-10-01 01:37:44,45.5826,-122.3534,63.88,93,90,3.44
310,Meulaboh,ID,2021-10-01 01:37:44,4.1363,96.1285,76.8,92,100,8.95
311,Don Sak,TH,2021-10-01 01:37:44,9.3168,99.6918,87.69,78,81,5.53
312,Sar-E Pul,AF,2021-10-01 01:37:45,35.8333,66.1667,53.11,48,6,0.09
313,Borogontsy,RU,2021-10-01 01:37:45,62.6683,131.1683,37.65,70,100,3.42
314,Itajuba,BR,2021-10-01 01:37:45,-22.4256,-45.4528,64.83,92,12,3.49
315,Los Cedrales,PY,2021-10-01 01:37:46,-25.65,-54.7,80.89,47,62,3.02
316,Moerai,PF,2021-10-01 01:37:46,-22.4333,-151.3333,75.87,76,4,9.22
317,Santa Cruz,BO,2021-10-01 01:37:47,-17.8,-63.1667,83.66,58,8,11.5
318,Kodiak,US,2021-10-01 01:37:47,57.79,-152.4072,47.71,46,90,8.05
319,Kulhudhuffushi,MV,2021-10-01 01:37:47,6.6221,73.07,81.82,77,100,14.9
320,Kiyasovo,RU,2021-10-01 01:37:48,56.3491,53.1244,42.82,96,100,4.94
321,Arica,CL,2021-10-01 01:34:25,-18.475,-70.3042,62.83,77,90,3.44
322,Yakeshi,CN,2021-10-01 01:37:48,49.2833,120.7333,42.35,51,78,12.8
323,Salalah,OM,2021-10-01 01:37:48,17.0151,54.0924,82.49,78,75,4.61
324,Pacific Grove,US,2021-10-01 01:37:49,36.6177,-121.9166,84.6,68,1,3.0
325,Three Hills,CA,2021-10-01 01:33:14,51.7001,-113.2686,72.09,34,100,11.5
326,Normandin,CA,2021-10-01 01:36:40,48.8333,-72.5321,48.51,76,99,6.91
327,Naze,JP,2021-10-01 01:37:49,28.3667,129.4833,79.72,71,8,4.03
328,Brae,GB,2021-10-01 01:37:50,60.3964,-1.353,48.11,85,99,6.51
329,Henties Bay,NA,2021-10-01 01:37:50,-22.116,14.2845,54.86,82,92,8.75
330,Carutapera,BR,2021-10-01 01:32:54,-1.195,-46.02,77.85,83,100,5.3
331,San Patricio,US,2021-10-01 01:37:50,28.017,-97.5169,82.26,76,91,11.97
332,Huilong,CN,2021-10-01 01:37:51,31.8111,121.655,80.98,61,0,2.89
333,Bonavista,CA,2021-10-01 01:37:51,48.6499,-53.1147,56.12,99,100,4.94
334,Sisimiut,GL,2021-10-01 01:37:51,66.9395,-53.6735,32.31,68,94,9.19
335,Chingirlau,KZ,2021-10-01 01:37:52,51.095,54.0814,37.24,54,6,4.94
336,Pafos,CY,2021-10-01 01:37:52,34.7667,32.4167,69.58,78,0,6.91
337,Silver City,US,2021-10-01 01:37:53,32.7701,-108.2803,53.67,80,1,1.99
338,Tateyama,JP,2021-10-01 01:37:53,34.9833,139.8667,69.03,94,100,38.23
339,Puerto Escondido,MX,2021-10-01 01:33:15,15.85,-97.0667,83.23,61,40,0.0
340,Berlevag,NO,2021-10-01 01:37:53,70.8578,29.0864,43.86,81,14,14.61
341,Fallon,US,2021-10-01 01:37:54,39.4735,-118.7774,71.47,11,20,5.75
342,Thayetmyo,MM,2021-10-01 01:37:54,19.3167,95.1833,83.77,80,6,1.63
343,Neryungri,RU,2021-10-01 01:37:54,56.6709,124.6491,29.61,84,100,11.01
344,Udarnyy,RU,2021-10-01 01:37:55,54.3409,42.8611,39.22,91,25,4.76
345,Thaton,MM,2021-10-01 01:37:55,16.9206,97.3714,81.18,88,91,2.08
346,Dohar,BD,2021-10-01 01:37:55,23.5883,90.1469,82.38,77,66,1.16
347,Tahta,EG,2021-10-01 01:37:56,26.7693,31.5021,79.12,57,0,12.24
348,Bilibino,RU,2021-10-01 01:37:56,68.0546,166.4372,14.13,91,74,1.41
349,Monastyrshchina,RU,2021-10-01 01:37:56,54.3496,31.838,37.17,92,58,5.7
350,Victoria,HK,2021-10-01 01:37:57,22.2855,114.1577,91.45,84,3,1.01
351,Hukuntsi,BW,2021-10-01 01:37:57,-24.0,21.75,66.56,16,20,8.12
352,Chitral,PK,2021-10-01 01:37:58,35.8462,71.7858,69.75,62,0,0.65
353,Bridlington,GB,2021-10-01 01:37:58,54.0831,-0.1919,57.88,90,100,19.39
354,Kirksville,US,2021-10-01 01:34:55,40.1948,-92.5833,68.18,100,1,3.44
355,Walvis Bay,NA,2021-10-01 01:37:58,-22.9575,14.5053,55.09,87,0,2.3
356,Buckeye,US,2021-10-01 01:37:59,33.3703,-112.5838,88.09,31,0,4.61
357,Kysyl-Syr,RU,2021-10-01 01:37:59,63.8986,122.7617,36.82,44,17,6.67
358,Hobyo,SO,2021-10-01 01:37:59,5.3505,48.5268,77.77,87,76,17.63
359,Severo-Kurilsk,RU,2021-10-01 01:38:00,50.6789,156.125,48.67,96,100,20.92
360,Sulangan,PH,2021-10-01 01:38:00,11.1373,123.7228,83.66,74,98,4.16
361,Kindu,CD,2021-10-01 01:35:19,-2.95,25.95,69.89,99,89,1.25
362,Pryazha,RU,2021-10-01 01:38:01,61.6926,33.6216,42.03,87,53,3.33
363,Sidi Ali,DZ,2021-10-01 01:38:01,36.0998,0.4206,68.59,77,100,2.86
364,Champerico,GT,2021-10-01 01:38:01,14.3,-91.9167,84.34,80,100,5.46
365,Shubarkuduk,KZ,2021-10-01 01:38:02,49.1447,56.4872,39.97,58,11,5.08
366,Sandpoint,US,2021-10-01 01:38:02,48.2766,-116.5533,65.79,81,90,3.44
367,Acapulco,MX,2021-10-01 01:34:43,16.8634,-99.8901,82.22,78,75,0.0
368,Bandiagara,ML,2021-10-01 01:38:03,14.3501,-3.6104,83.12,55,99,13.44
369,Spassk,RU,2021-10-01 01:38:03,52.747,87.7545,39.88,97,100,3.33
370,Paraiso,CR,2021-10-01 01:38:03,9.8383,-83.8656,64.42,98,100,1.61
371,Bam,IR,2021-10-01 01:38:04,29.106,58.357,79.29,12,9,7.14
372,Richards Bay,ZA,2021-10-01 01:38:04,-28.783,32.0377,65.61,89,100,16.37
373,Saint-Joseph,RE,2021-10-01 01:38:04,-21.3667,55.6167,70.16,79,44,9.73
374,Altamont,US,2021-10-01 01:35:34,42.2068,-121.7372,71.44,15,1,0.0
375,Poum,NC,2021-10-01 01:38:05,-20.2333,164.0167,75.61,81,78,24.14
376,San Cristobal,VE,2021-10-01 01:36:10,7.7669,-72.225,68.18,98,79,1.52
377,Tonekabon,IR,2021-10-01 01:38:05,36.8163,50.8738,67.95,76,72,4.92
378,Pumiao,CN,2021-10-01 01:38:06,22.75,108.4833,81.0,60,8,5.75
379,Mandurah,AU,2021-10-01 01:35:23,-32.55,115.7,64.9,86,97,15.21
380,Chernyshevskiy,RU,2021-10-01 01:38:06,63.0128,112.4714,34.43,57,24,6.06
381,Ola,RU,2021-10-01 01:38:07,59.5833,151.2833,36.55,89,100,27.98
382,Acajutla,SV,2021-10-01 01:38:07,13.5928,-89.8275,80.4,81,27,3.09
383,Havoysund,NO,2021-10-01 01:38:07,70.9963,24.6622,45.48,85,38,13.87
384,Nantucket,US,2021-10-01 01:36:38,41.2835,-70.0995,59.97,65,40,8.05
385,Zeya,RU,2021-10-01 01:38:08,53.75,127.2667,40.8,66,89,3.85
386,Nurobod,UZ,2021-10-01 01:38:08,40.9056,69.8023,50.85,51,99,1.16
387,Dalbandin,PK,2021-10-01 01:38:09,28.8947,64.4101,78.94,36,10,2.46
388,Jiaonan,CN,2021-10-01 01:38:09,35.8786,119.9753,75.22,64,0,6.44
389,Locri,IT,2021-10-01 01:38:09,38.2414,16.2623,73.76,77,49,5.46
390,Iranshahr,IR,2021-10-01 01:38:10,27.2025,60.6848,83.19,43,14,5.12
391,Nalut,LY,2021-10-01 01:38:10,30.3333,10.85,66.34,75,0,9.31
392,Marsh Harbour,BS,2021-10-01 01:38:10,26.5412,-77.0636,81.43,69,43,15.08
393,Taoudenni,ML,2021-10-01 01:38:11,22.6783,-3.9836,88.74,9,60,6.89
394,Almaznyy,RU,2021-10-01 01:38:11,48.0448,40.045,37.54,65,6,5.97
395,Palu,ID,2021-10-01 01:38:12,-0.8917,119.8707,86.79,69,94,2.37
396,Miri,MY,2021-10-01 01:38:12,4.4148,114.0089,84.34,79,40,1.14
397,Urumqi,CN,2021-10-01 01:38:12,43.801,87.6005,63.55,27,0,11.18
398,Great Bend,US,2021-10-01 01:38:13,38.3645,-98.7648,63.88,86,1,5.75
399,Stokmarknes,NO,2021-10-01 01:38:13,68.5646,14.9108,48.49,75,75,5.84
400,Seoul,KR,2021-10-01 01:37:24,37.5683,126.9778,72.97,64,0,10.36
401,Aswan,EG,2021-10-01 01:38:13,24.0934,32.907,76.3,38,0,6.91
402,Avera,US,2021-10-01 01:38:14,33.194,-82.5271,75.7,63,78,2.19
403,Santa Vitoria Do Palmar,BR,2021-10-01 01:38:14,-33.5189,-53.3681,59.97,92,100,13.38
404,Omboue,GA,2021-10-01 01:38:15,-1.5746,9.2618,76.01,87,100,8.1
405,Anloga,GH,2021-10-01 01:38:15,5.7947,0.8973,80.82,87,100,10.42
406,Cayenne,GF,2021-10-01 01:38:16,4.9333,-52.3333,83.08,79,0,5.99
407,Weatherford,US,2021-10-01 01:34:33,32.7593,-97.7972,75.11,88,100,4.0
408,Chaman,PK,2021-10-01 01:38:16,30.9236,66.4512,74.16,46,5,2.37
409,Taltal,CL,2021-10-01 01:38:16,-25.4,-70.4833,62.51,61,0,4.59
410,Mandera,KE,2021-10-01 01:38:17,3.9366,41.867,76.78,69,36,11.14
411,Muzhi,RU,2021-10-01 01:38:17,65.3667,64.6667,32.92,81,32,12.15
412,Te Anau,NZ,2021-10-01 01:35:25,-45.4167,167.7167,56.75,57,29,5.97
413,Portland,US,2021-10-01 01:37:46,45.5234,-122.6762,61.39,91,75,1.01
414,Matadi,CD,2021-10-01 01:38:18,-5.8167,13.45,75.99,80,99,5.23
415,Surab,PK,2021-10-01 01:38:18,28.4914,66.2585,68.92,66,100,5.41
416,Ondjiva,AO,2021-10-01 01:38:18,-17.0667,15.7333,62.4,24,2,4.85
417,Kahului,US,2021-10-01 01:38:12,20.8947,-156.47,84.22,78,40,18.41
418,Qasigiannguit,GL,2021-10-01 01:38:19,68.8193,-51.1922,30.45,75,100,5.14
419,Pevek,RU,2021-10-01 01:38:19,69.7008,170.3133,27.63,78,100,8.79
420,San Rafael,AR,2021-10-01 01:38:19,-34.6177,-68.3301,60.15,27,0,7.27
421,Hambantota,LK,2021-10-01 01:38:20,6.1241,81.1185,79.14,100,20,3.44
422,Shache,CN,2021-10-01 01:38:20,38.4167,77.2406,68.23,18,0,5.37
423,Sotuta,MX,2021-10-01 01:38:20,20.6,-89.0167,77.43,84,81,5.21
424,Kaisiadorys,LT,2021-10-01 01:38:21,54.8667,24.45,49.89,94,100,4.85
425,Alofi,NU,2021-10-01 01:35:56,-19.0595,-169.9187,78.69,73,75,16.11
426,Srednekolymsk,RU,2021-10-01 01:35:04,67.45,153.6833,29.61,54,1,11.32
427,Cartagena Del Chaira,CO,2021-10-01 01:38:21,1.3349,-74.8429,71.2,96,99,1.57
428,Fortuna,US,2021-10-01 01:36:51,40.5982,-124.1573,64.92,70,75,3.0
429,Bintulu,MY,2021-10-01 01:38:22,3.1667,113.0333,81.01,88,40,1.99
430,Cay,TR,2021-10-01 01:38:22,38.5917,31.0286,46.76,78,1,6.42
431,Fort Nelson,CA,2021-10-01 01:38:23,58.8053,-122.7002,42.39,87,90,5.75
432,Boddam,GB,2021-10-01 01:38:23,57.4667,-1.7833,51.12,90,100,13.29
433,Benguela,AO,2021-10-01 01:38:23,-12.5763,13.4055,69.85,81,91,4.25
434,San Isidro,PE,2021-10-01 01:38:24,-12.1167,-77.05,62.51,79,75,5.99
435,Jaguaribe,BR,2021-10-01 01:38:24,-5.8906,-38.6219,79.99,68,34,8.55
436,Mushie,CD,2021-10-01 01:38:24,-3.0167,16.9,70.18,96,100,1.23
437,Constitucion,CL,2021-10-01 01:38:25,-35.3333,-72.4167,47.98,78,5,9.82
438,Boende,CD,2021-10-01 01:36:10,-0.2167,20.8667,67.23,99,97,0.78
439,Bengkulu,ID,2021-10-01 01:38:25,-3.8004,102.2655,79.34,75,100,5.53
440,Grand Forks,US,2021-10-01 01:38:26,47.9417,-97.4337,69.73,62,90,10.36
441,Haines Junction,CA,2021-10-01 01:38:26,60.7522,-137.5108,46.35,57,79,4.61
442,New Plymouth,NZ,2021-10-01 01:38:26,-39.0667,174.0833,56.05,73,99,14.41
443,Pontes E Lacerda,BR,2021-10-01 01:38:27,-15.2261,-59.3353,85.41,46,93,2.91
444,Mayo,US,2021-10-01 01:38:27,38.8876,-76.5119,66.22,69,75,1.99
445,Scarborough,GB,2021-10-01 01:38:27,54.2797,-0.4044,57.52,88,100,1.01
446,Geraldton,AU,2021-10-01 01:38:28,-28.7667,114.6,66.61,88,90,13.8
447,Stephenville,US,2021-10-01 01:38:28,32.2207,-98.2023,72.68,89,90,24.16
448,Skibbereen,IE,2021-10-01 01:38:28,51.55,-9.2667,53.4,85,55,24.94
449,Nakamura,JP,2021-10-01 01:38:29,32.9833,132.9333,84.92,54,0,7.16
450,Urumita,CO,2021-10-01 01:38:29,10.5589,-73.0123,73.47,93,100,4.32
451,Cravo Norte,CO,2021-10-01 01:38:29,6.3017,-70.2041,77.02,81,98,2.01
452,Magugu,TZ,2021-10-01 01:38:30,-4.0167,35.7667,67.19,73,84,1.5
453,Una,IN,2021-10-01 01:35:03,20.8167,71.0333,79.92,88,100,9.28
454,Chicama,PE,2021-10-01 01:38:30,-7.8447,-79.1469,59.54,81,73,5.01
455,Baherden,TM,2021-10-01 01:38:30,38.4362,57.4316,55.78,50,30,4.43
456,Jimma,ET,2021-10-01 01:38:31,7.6667,36.8333,57.33,95,80,0.98
457,Belica,BG,2021-10-01 01:38:31,41.9569,23.5725,47.75,90,97,3.98
458,Beyneu,KZ,2021-10-01 01:38:31,45.3167,55.2,46.02,42,6,4.61
459,Gainesville,US,2021-10-01 01:38:32,29.6516,-82.3248,76.71,84,1,5.75
460,Hot Springs,US,2021-10-01 01:37:03,34.5037,-93.0552,74.32,87,3,3.06
461,Dwarka,IN,2021-10-01 01:38:02,22.2394,68.9678,81.54,86,100,18.79
462,Vanavara,RU,2021-10-01 01:38:32,60.34,102.2797,36.79,63,34,4.76
463,Flin Flon,CA,2021-10-01 01:38:33,54.7682,-101.865,52.9,52,9,6.98
464,Chambas,CU,2021-10-01 01:38:33,22.1928,-78.9136,80.22,91,13,4.7
465,Ponta Delgada,PT,2021-10-01 01:38:34,37.7333,-25.6667,71.51,88,20,3.44
466,Kostomuksha,RU,2021-10-01 01:38:34,64.571,30.5767,41.56,81,98,4.76
467,Kamarion,GR,2021-10-01 01:38:34,36.8,25.8167,66.74,67,0,32.32
468,Baykit,RU,2021-10-01 01:38:35,61.67,96.37,35.94,77,100,3.0
469,Ishigaki,JP,2021-10-01 01:38:35,24.3448,124.1572,86.13,79,75,8.05
470,Cayhagan,PH,2021-10-01 01:38:36,9.6697,122.4256,84.13,74,82,4.7
471,Pimentel,PE,2021-10-01 01:38:36,-6.8367,-79.9342,63.54,87,97,14.18
472,Bella Vista,US,2021-10-01 01:38:36,36.4295,-94.2316,72.32,94,90,0.0
473,Srivardhan,IN,2021-10-01 01:38:37,18.0333,73.0167,77.16,89,58,4.9
474,Nampula,MZ,2021-10-01 01:38:37,-15.1165,39.2666,67.95,94,0,4.61
475,Hearst,CA,2021-10-01 01:38:37,49.6835,-83.6665,53.85,80,100,4.97
476,Porto Novo,BJ,2021-10-01 01:35:24,6.4965,2.6036,80.42,92,91,4.45
477,Rio Branco,BR,2021-10-01 01:38:38,-9.9747,-67.81,79.41,83,20,6.91
478,Shuangyang,CN,2021-10-01 01:38:38,43.5242,125.6736,56.14,58,0,4.63
479,Sao Joao Da Barra,BR,2021-10-01 01:34:03,-21.6403,-41.0511,71.22,84,78,3.71
480,Alcaniz,ES,2021-10-01 01:38:39,41.05,-0.1333,63.09,67,9,1.59
481,Agfalva,HU,2021-10-01 01:38:39,47.6899,16.5166,52.11,63,47,2.75
482,Khani,GE,2021-10-01 01:38:39,41.9563,42.9566,51.37,93,99,2.68
483,Anchorage,US,2021-10-01 01:36:21,61.2181,-149.9003,47.64,51,1,4.0
484,Chiselet,RO,2021-10-01 01:38:40,44.1833,26.85,50.76,75,22,5.95
485,Mackay,AU,2021-10-01 01:35:25,-21.15,149.2,83.68,65,75,11.5
486,Port Victoria,KE,2021-10-01 01:38:41,0.0939,33.9756,67.86,79,100,6.08
487,Pombia,IT,2021-10-01 01:38:41,45.653,8.6336,63.61,82,0,8.05
488,Karchaghbyur,AM,2021-10-01 01:38:41,40.1705,45.5779,44.85,91,69,10.25
489,Vidalia,US,2021-10-01 01:38:42,32.2177,-82.4135,73.35,83,1,0.0
490,Masalli,KR,2021-10-01 01:38:42,34.7959,126.6553,73.08,63,0,6.62
491,Svetlogorsk,BY,2021-10-01 01:38:42,52.6333,29.7333,38.75,84,53,6.26
492,Balikpapan,ID,2021-10-01 01:38:43,-1.2675,116.8289,78.75,87,100,1.28
493,Ifanadiana,MG,2021-10-01 01:38:43,-21.3,47.6333,61.29,94,53,0.74
494,Fort Portal,UG,2021-10-01 01:38:43,0.6617,30.2748,58.6,92,100,2.46
495,Kheri,IN,2021-10-01 01:38:44,27.9,80.8,78.91,83,48,5.5
496,Khandyga,RU,2021-10-01 01:38:44,62.6667,135.6,38.89,62,100,3.74
497,Sorong,ID,2021-10-01 01:38:44,-0.8833,131.25,84.11,70,31,4.25
498,Ozernovskiy,RU,2021-10-01 01:38:45,51.5,156.5167,49.55,83,100,11.97
499,Along,IN,2021-10-01 01:38:45,28.1667,94.7667,76.98,91,63,0.92
500,La Orilla,MX,2021-10-01 01:38:46,17.9833,-102.2333,79.34,83,12,1.14
501,Villa Maria,AR,2021-10-01 01:38:46,-32.4075,-63.2402,54.55,67,0,3.94
502,Fort Smith,US,2021-10-01 01:38:46,35.3859,-94.3986,71.64,86,75,3.44
503,Marsa Matruh,EG,2021-10-01 01:38:47,31.3525,27.2453,75.4,69,40,6.91
504,Codo,BR,2021-10-01 01:38:47,-4.4553,-43.8856,75.15,87,54,3.76
505,Duminichi,RU,2021-10-01 01:38:47,53.9345,35.1099,36.63,94,1,2.75
506,Nadym,RU,2021-10-01 01:38:48,65.5333,72.5167,34.02,97,100,21.7
507,Barzas,RU,2021-10-01 01:38:48,55.7167,86.3167,37.63,97,100,6.13
508,Lancaster,US,2021-10-01 01:36:49,40.2504,-76.2499,58.28,83,40,3.44
509,Yaval,IN,2021-10-01 01:38:48,21.1667,75.7,78.06,85,17,1.1
510,Apt,FR,2021-10-01 01:38:49,43.8833,5.4,54.79,71,0,5.19
511,Ormara,PK,2021-10-01 01:38:49,25.2088,64.6357,81.99,74,100,21.99
512,Turinsk,RU,2021-10-01 01:38:49,58.0458,63.696,37.6,84,100,12.08
513,Minas,UY,2021-10-01 01:38:50,-34.3759,-55.2377,59.47,95,71,8.95
514,Singaraja,ID,2021-10-01 01:38:50,-8.112,115.0882,79.97,60,12,3.18
515,Kiunga,PG,2021-10-01 01:38:50,-6.1219,141.2906,83.86,75,95,3.27
516,Gritsovskiy,RU,2021-10-01 01:38:51,54.1376,38.1604,36.91,89,0,2.15
517,Rio Grande,BR,2021-10-01 01:35:38,-32.035,-52.0986,62.94,94,100,28.52
518,Margate,GB,2021-10-01 01:35:45,51.3813,1.3862,62.31,81,100,4.0
519,Moundsville,US,2021-10-01 01:34:44,39.9203,-80.7431,58.15,88,25,3.56
520,Omsukchan,RU,2021-10-01 01:38:51,62.5333,155.8,26.51,84,100,8.08
521,Bitung,ID,2021-10-01 01:38:52,1.4451,125.1824,92.25,68,16,6.73
522,Urucara,BR,2021-10-01 01:38:52,-2.5364,-57.76,77.11,76,94,2.46
523,Sabzevar,IR,2021-10-01 01:38:52,36.2126,57.6819,61.56,41,0,9.4
524,Collie,AU,2021-10-01 01:38:53,-33.3667,116.15,56.26,97,100,7.99
525,Galich,RU,2021-10-01 01:38:53,58.3797,42.3475,40.03,97,94,4.54
526,Chunskiy,RU,2021-10-01 01:38:53,56.0815,99.6342,41.22,63,77,6.33
527,Curanilahue,CL,2021-10-01 01:38:54,-37.4667,-73.35,43.23,93,100,2.04
528,Katobu,ID,2021-10-01 01:38:54,-4.9408,122.5276,79.36,85,100,5.79
529,Petatlan,MX,2021-10-01 01:38:54,17.5167,-101.2667,85.8,88,99,2.46
530,Coquimbo,CL,2021-10-01 01:38:55,-29.9533,-71.3436,55.13,87,0,3.44
531,Guiglo,CI,2021-10-01 01:38:55,6.5456,-7.4966,70.97,100,100,2.39
532,Otradnoye,RU,2021-10-01 01:38:56,59.7775,30.8181,42.85,96,50,4.83
533,Vanimo,PG,2021-10-01 01:38:56,-2.6741,141.3028,82.89,75,100,1.77
534,Dagua,CO,2021-10-01 01:38:56,3.6569,-76.6886,70.3,97,100,0.74
535,Two Hills,CA,2021-10-01 01:38:57,53.7169,-111.7518,66.69,34,9,5.75
536,Sunbury,AU,2021-10-01 01:38:57,-37.5833,144.7333,70.5,69,75,5.99
537,Khorixas,NA,2021-10-01 01:38:57,-20.3667,14.9667,56.59,43,1,4.29
538,Takoradi,GH,2021-10-01 01:38:58,4.8845,-1.7554,75.87,90,91,6.38
